{"model_name": "logreg", "model_uid": "d4e9c2a9f18343638160512573980882", "training_time": "09:28:14", "training_date": "2023-04-27", "classification_report": {"0": {"precision": 0.5, "recall": 1.0, "f1-score": 0.6666666666666666, "support": 1}, "1": {"precision": 1.0, "recall": 0.5, "f1-score": 0.6666666666666666, "support": 2}, "accuracy": 0.6666666666666666, "macro avg": {"precision": 0.75, "recall": 0.75, "f1-score": 0.6666666666666666, "support": 3}, "weighted avg": {"precision": 0.8333333333333334, "recall": 0.6666666666666666, "f1-score": 0.6666666666666666, "support": 3}}}